{
  "aor": 0.0022830081300813008,
  "aqi": 0.00247330756097561,
  "bids_meta": {
    "modality": "bold",
    "run_id": "02",
    "subject_id": "0001",
    "task_id": "resting"
  },
  "dummy_trs": 1,
  "dvars_nstd": 15.361275884016392,
  "dvars_std": 1.1138966102459016,
  "dvars_vstd": 0.9827586287704918,
  "efc": 0.3851694722374123,
  "fber": 5196234.5,
  "fd_mean": 0.08812801921839505,
  "fd_num": 10,
  "fd_perc": 8.130081300813009,
  "fwhm_avg": 2.728791111111111,
  "fwhm_x": 2.4561866666666665,
  "fwhm_y": 2.82072,
  "fwhm_z": 2.909466666666667,
  "gcor": 0.0345345,
  "gsr_x": -0.009589036926627159,
  "gsr_y": 0.02491702511906624,
  "provenance": {
    "md5sum": "a8baf2fee415337289c5248a8e18a6b2",
    "settings": {
      "fd_thres": 0.2,
      "hmc_fsl": false
    },
    "software": "mriqc",
    "version": "0.9.7"
  },
  "size_t": 123,
  "size_x": 64,
  "size_y": 64,
  "size_z": 53,
  "snr": 3.75813953760819,
  "spacing_tr": 3.200000047683716,
  "spacing_x": 3.75,
  "spacing_y": 3.75,
  "spacing_z": 3.0,
  "summary_bg_k": 467.694750929887,
  "summary_bg_mad": 2.133500814437866,
  "summary_bg_mean": 39.55735397338867,
  "summary_bg_median": 1.4390243291854858,
  "summary_bg_n": 145923.0,
  "summary_bg_p05": 0.0,
  "summary_bg_p95": 188.02357025146478,
  "summary_bg_stdv": 146.87342834472656,
  "summary_fg_k": 0.6083912136446732,
  "summary_fg_mad": 665.3148803710938,
  "summary_fg_mean": 2739.568359375,
  "summary_fg_median": 2756.219482421875,
  "summary_fg_n": 33311.0,
  "summary_fg_p05": 1499.2235107421875,
  "summary_fg_p95": 3888.6014404296875,
  "summary_fg_stdv": 733.3889770507812,
  "tsnr": 82.52437591552734
}