{
  "aor": 0.00170155737704918,
  "aqi": 0.0011541563524590163,
  "bids_meta": {
    "modality": "bold",
    "run_id": "03",
    "subject_id": "0003",
    "task_id": "resting"
  },
  "dummy_trs": 2,
  "dvars_nstd": 13.623693056776862,
  "dvars_std": 1.1912302628925628,
  "dvars_vstd": 1.026728241157025,
  "efc": 0.3651895023176816,
  "fber": 5068206.0,
  "fd_mean": 0.034028643279991624,
  "fd_num": 0,
  "fd_perc": 0.0,
  "fwhm_avg": 2.835804444444445,
  "fwhm_x": 2.551146666666667,
  "fwhm_y": 2.9194666666666667,
  "fwhm_z": 3.0368,
  "gcor": 0.0280276,
  "gsr_x": -0.0012943280162289739,
  "gsr_y": 0.008639020845293999,
  "provenance": {
    "md5sum": "d237227adcbf0af0817dbc5f75d7fd9b",
    "settings": {
      "fd_thres": 0.2,
      "hmc_fsl": false
    },
    "software": "mriqc",
    "version": "0.9.7"
  },
  "size_t": 122,
  "size_x": 64,
  "size_y": 64,
  "size_z": 53,
  "snr": 3.898681047988541,
  "spacing_tr": 3.200000047683716,
  "spacing_x": 3.75,
  "spacing_y": 3.75,
  "spacing_z": 3.0,
  "summary_bg_k": 70.49218037010695,
  "summary_bg_mad": 2.296818256378174,
  "summary_bg_mean": 39.738101959228516,
  "summary_bg_median": 1.549180269241333,
  "summary_bg_n": 150692.0,
  "summary_bg_p05": 0.0,
  "summary_bg_p95": 198.73605422973577,
  "summary_bg_stdv": 113.61581420898438,
  "summary_fg_k": 0.25381811181447667,
  "summary_fg_mad": 667.1224975585938,
  "summary_fg_mean": 2746.8935546875,
  "summary_fg_median": 2813.843994140625,
  "summary_fg_n": 29429.0,
  "summary_fg_p05": 1410.7671630859377,
  "summary_fg_p95": 3787.0653808593747,
  "summary_fg_stdv": 721.7302856445312,
  "tsnr": 107.84040069580078
}