{
  "aor": 0.0010869105691056911,
  "aqi": 0.0020602237317073175,
  "bids_meta": {
    "modality": "bold",
    "run_id": "01",
    "subject_id": "0001",
    "task_id": "resting"
  },
  "dummy_trs": 1,
  "dvars_nstd": 14.917638560163942,
  "dvars_std": 1.1377322379508197,
  "dvars_vstd": 0.9847118677049183,
  "efc": 0.3860216752015481,
  "fber": 5659641.5,
  "fd_mean": 0.06577484194262381,
  "fd_num": 2,
  "fd_perc": 1.6260162601626016,
  "fwhm_avg": 2.752344666666667,
  "fwhm_x": 2.466410666666667,
  "fwhm_y": 2.8689066666666667,
  "fwhm_z": 2.9217166666666667,
  "gcor": 0.0318567,
  "gsr_x": -0.009995432570576668,
  "gsr_y": 0.026444479823112488,
  "provenance": {
    "md5sum": "605c1c05ae57473caffb538b7d1a6425",
    "settings": {
      "fd_thres": 0.2,
      "hmc_fsl": false
    },
    "software": "mriqc",
    "version": "0.9.7"
  },
  "size_t": 123,
  "size_x": 64,
  "size_y": 64,
  "size_z": 53,
  "snr": 3.734434463641751,
  "spacing_tr": 3.200000047683716,
  "spacing_x": 3.75,
  "spacing_y": 3.75,
  "spacing_z": 3.0,
  "summary_bg_k": 454.45784436090463,
  "summary_bg_mad": 1.9768028259277344,
  "summary_bg_mean": 39.09736251831055,
  "summary_bg_median": 1.3333332538604736,
  "summary_bg_n": 145396.0,
  "summary_bg_p05": 0.0,
  "summary_bg_p95": 188.0833282470703,
  "summary_bg_stdv": 147.39508056640625,
  "summary_fg_k": 0.35528192257594426,
  "summary_fg_mad": 684.2028198242188,
  "summary_fg_mean": 2728.236572265625,
  "summary_fg_median": 2749.219482421875,
  "summary_fg_n": 33587.0,
  "summary_fg_p05": 1481.864208984375,
  "summary_fg_p95": 3885.055151367185,
  "summary_fg_stdv": 736.1699829101562,
  "tsnr": 90.76228332519531
}