{
  "aor": 0.006313008130081301,
  "aqi": 0.0035892261788617887,
  "bids_meta": {
    "modality": "bold",
    "run_id": "03",
    "subject_id": "0001",
    "task_id": "resting"
  },
  "dummy_trs": 1,
  "dvars_nstd": 20.800063125409835,
  "dvars_std": 1.199780214180328,
  "dvars_vstd": 1.1034743895081969,
  "efc": 0.3868021967454831,
  "fber": 4426577.5,
  "fd_mean": 0.17787778195245527,
  "fd_num": 39,
  "fd_perc": 31.70731707317073,
  "fwhm_avg": 2.729360222222222,
  "fwhm_x": 2.4534373333333335,
  "fwhm_y": 2.8309066666666665,
  "fwhm_z": 2.9037366666666666,
  "gcor": 0.0733416,
  "gsr_x": -0.009731530211865902,
  "gsr_y": 0.024382902309298515,
  "provenance": {
    "md5sum": "e591e52225a1f813360f9a51bed00baa",
    "settings": {
      "fd_thres": 0.2,
      "hmc_fsl": false
    },
    "software": "mriqc",
    "version": "0.9.7"
  },
  "size_t": 123,
  "size_x": 64,
  "size_y": 64,
  "size_z": 53,
  "snr": 3.7947756859368167,
  "spacing_tr": 3.200000047683716,
  "spacing_x": 3.75,
  "spacing_y": 3.75,
  "spacing_z": 3.0,
  "summary_bg_k": 455.58518325395664,
  "summary_bg_mad": 2.2299301624298096,
  "summary_bg_mean": 39.84306716918945,
  "summary_bg_median": 1.5040650367736816,
  "summary_bg_n": 145681.0,
  "summary_bg_p05": 0.0,
  "summary_bg_p95": 192.30081176757812,
  "summary_bg_stdv": 147.62258911132812,
  "summary_fg_k": 0.5914872686168975,
  "summary_fg_mad": 660.2520751953125,
  "summary_fg_mean": 2726.44189453125,
  "summary_fg_median": 2752.251953125,
  "summary_fg_n": 33491.0,
  "summary_fg_p05": 1498.1177978515625,
  "summary_fg_p95": 3847.5445556640625,
  "summary_fg_stdv": 725.2631225585938,
  "tsnr": 67.87734985351562
}