{
  "bids_meta": {
    "modality": "T1w",
    "subject_id": "0002"
  },
  "cjv": 0.3371343076434169,
  "cnr": 3.9204790546598054,
  "efc": 0.6788163318448562,
  "fber": 32.40660858154297,
  "fwhm_avg": 3.62792,
  "fwhm_x": 3.5296746666666667,
  "fwhm_y": 3.7944853333333333,
  "fwhm_z": 3.5596,
  "icvs_csf": 0.25614091939073713,
  "icvs_gm": 0.3935202000885146,
  "icvs_wm": 0.3503388805207483,
  "inu_med": 1.2723915576934814,
  "inu_range": 0.2876843154430391,
  "provenance": {
    "md5sum": "5adfad95508a6d9d77117464460f9df1",
    "settings": {
      "testing": false
    },
    "software": "mriqc",
    "version": "0.9.7",
    "warnings": {
      "large_rot_frame": true,
      "small_air_mask": false
    }
  },
  "qi_1": 0.0,
  "qi_2": 0.0004267519977448314,
  "rpve_csf": 16.223438921588652,
  "rpve_gm": 10.199805248866648,
  "rpve_wm": 14.830953614488363,
  "size_x": 256,
  "size_y": 256,
  "size_z": 162,
  "snr_csf": 3.533737689113768,
  "snr_gm": 8.825324022304324,
  "snr_total": 9.925396730700763,
  "snr_wm": 17.4171284806842,
  "snrd_csf": 10.107444682665516,
  "snrd_gm": 17.29874027986819,
  "snrd_total": 18.317743290227025,
  "snrd_wm": 27.547044908147367,
  "spacing_x": 0.9375,
  "spacing_y": 0.9375,
  "spacing_z": 1.0,
  "summary_bg_k": 0.9380242224994606,
  "summary_bg_mad": 23.78203773498535,
  "summary_bg_mean": 101.52737426757812,
  "summary_bg_median": 99.6755142211914,
  "summary_bg_n": 3340111.0,
  "summary_bg_p05": 64.68476867675781,
  "summary_bg_p95": 145.76677703857422,
  "summary_bg_stdv": 25.4061336517334,
  "summary_csf_k": 0.4472913586794771,
  "summary_csf_mad": 92.10713958740234,
  "summary_csf_mean": 355.874755859375,
  "summary_csf_median": 366.9093017578125,
  "summary_csf_n": 24162.0,
  "summary_csf_p05": 156.47608795166016,
  "summary_csf_p95": 505.6620697021485,
  "summary_csf_stdv": 103.8282241821289,
  "summary_gm_k": 0.1813463581276764,
  "summary_gm_mad": 69.21609497070312,
  "summary_gm_mean": 629.1373291015625,
  "summary_gm_median": 627.9597778320312,
  "summary_gm_n": 23819.0,
  "summary_gm_p05": 513.7724853515625,
  "summary_gm_p95": 748.4023986816406,
  "summary_gm_stdv": 71.1528091430664,
  "summary_wm_k": 0.18817801838687487,
  "summary_wm_mad": 56.205501556396484,
  "summary_wm_mean": 1000.0300903320312,
  "summary_wm_median": 999.982421875,
  "summary_wm_n": 255171.0,
  "summary_wm_p05": 905.5697631835938,
  "summary_wm_p95": 1094.3440551757812,
  "summary_wm_stdv": 57.41362380981445,
  "tpm_overlap_csf": 0.1740407943725586,
  "tpm_overlap_gm": 0.4595579206943512,
  "tpm_overlap_wm": 0.567345142364502,
  "wm2max": 0.5649706664623712
}