{
  "aor": 0.0017122131147540983,
  "aqi": 0.001097748393442623,
  "bids_meta": {
    "modality": "bold",
    "run_id": "02",
    "subject_id": "0003",
    "task_id": "resting"
  },
  "dummy_trs": 2,
  "dvars_nstd": 13.7535700053719,
  "dvars_std": 1.2033874395867767,
  "dvars_vstd": 1.0380937727272725,
  "efc": 0.3648211169583036,
  "fber": 4778521.5,
  "fd_mean": 0.036677917957100487,
  "fd_num": 0,
  "fd_perc": 0.0,
  "fwhm_avg": 2.831905111111111,
  "fwhm_x": 2.5494320000000004,
  "fwhm_y": 2.9090133333333332,
  "fwhm_z": 3.03727,
  "gcor": 0.0227119,
  "gsr_x": -0.0013964104000478983,
  "gsr_y": 0.008930832147598267,
  "provenance": {
    "md5sum": "1f0bb8c37c3580b6c5b35d337c1db09e",
    "settings": {
      "fd_thres": 0.2,
      "hmc_fsl": false
    },
    "software": "mriqc",
    "version": "0.9.7"
  },
  "size_t": 122,
  "size_x": 64,
  "size_y": 64,
  "size_z": 53,
  "snr": 3.8951781966574317,
  "spacing_tr": 3.200000047683716,
  "spacing_x": 3.75,
  "spacing_y": 3.75,
  "spacing_z": 3.0,
  "summary_bg_k": 69.1267808826628,
  "summary_bg_mad": 2.3575804233551025,
  "summary_bg_mean": 39.374149322509766,
  "summary_bg_median": 1.5901638269424438,
  "summary_bg_n": 150780.0,
  "summary_bg_p05": 0.0,
  "summary_bg_p95": 196.41268997192316,
  "summary_bg_stdv": 112.02582550048828,
  "summary_fg_k": 0.25018566302699297,
  "summary_fg_mad": 665.0198364257812,
  "summary_fg_mean": 2743.0107421875,
  "summary_fg_median": 2809.343994140625,
  "summary_fg_n": 29411.0,
  "summary_fg_p05": 1409.5982666015625,
  "summary_fg_p95": 3783.2784423828125,
  "summary_fg_stdv": 721.2240600585938,
  "tsnr": 111.00088500976562
}