{
  "aor": 0.002346666666666666,
  "aqi": 0.0014120750243902444,
  "bids_meta": {
    "modality": "bold",
    "run_id": "01",
    "subject_id": "0002",
    "task_id": "resting"
  },
  "dummy_trs": 1,
  "dvars_nstd": 14.451114412295086,
  "dvars_std": 1.1316821586885244,
  "dvars_vstd": 0.9904835071311477,
  "efc": 0.3938107292737025,
  "fber": 2731351.25,
  "fd_mean": 0.04663043590118284,
  "fd_num": 2,
  "fd_perc": 1.6260162601626016,
  "fwhm_avg": 2.724514222222222,
  "fwhm_x": 2.5085759999999997,
  "fwhm_y": 2.8076,
  "fwhm_z": 2.857366666666667,
  "gcor": 0.0513062,
  "gsr_x": -0.002944344887509942,
  "gsr_y": 0.013927645981311798,
  "provenance": {
    "md5sum": "bb8f0221116d3aa442701a20fb68920d",
    "settings": {
      "fd_thres": 0.2,
      "hmc_fsl": false
    },
    "software": "mriqc",
    "version": "0.9.7"
  },
  "size_t": 123,
  "size_x": 64,
  "size_y": 64,
  "size_z": 53,
  "snr": 3.6786455202912003,
  "spacing_tr": 3.200000047683716,
  "spacing_x": 3.75,
  "spacing_y": 3.75,
  "spacing_z": 3.0,
  "summary_bg_k": 43.91760406574534,
  "summary_bg_mad": 2.687969923019409,
  "summary_bg_mean": 50.11211395263672,
  "summary_bg_median": 1.8130080699920654,
  "summary_bg_n": 145859.0,
  "summary_bg_p05": 0.0,
  "summary_bg_p95": 289.65284118652403,
  "summary_bg_stdv": 137.93161010742188,
  "summary_fg_k": 0.2526629516992105,
  "summary_fg_mad": 692.9540405273438,
  "summary_fg_mean": 2672.69873046875,
  "summary_fg_median": 2672.349609375,
  "summary_fg_n": 33065.0,
  "summary_fg_p05": 1434.0958984375,
  "summary_fg_p95": 3805.112109375,
  "summary_fg_stdv": 726.4383544921875,
  "tsnr": 90.91998291015625
}