{
  "aor": 0.0052967479674796755,
  "aqi": 0.003131350081300813,
  "bids_meta": {
    "modality": "bold",
    "run_id": "02",
    "subject_id": "0002",
    "task_id": "resting"
  },
  "dummy_trs": 1,
  "dvars_nstd": 18.00504342885246,
  "dvars_std": 1.1676565445081968,
  "dvars_vstd": 1.0168789501639344,
  "efc": 0.3930106776343172,
  "fber": 2452749.75,
  "fd_mean": 0.15051595665234588,
  "fd_num": 33,
  "fd_perc": 26.829268292682926,
  "fwhm_avg": 2.742563333333333,
  "fwhm_x": 2.524173333333333,
  "fwhm_y": 2.8167466666666665,
  "fwhm_z": 2.8867700000000003,
  "gcor": 0.0361383,
  "gsr_x": -0.0030372063629329205,
  "gsr_y": 0.013660052791237831,
  "provenance": {
    "md5sum": "954299c1b26934618f97a6288519ad7c",
    "settings": {
      "fd_thres": 0.2,
      "hmc_fsl": false
    },
    "software": "mriqc",
    "version": "0.9.7"
  },
  "size_t": 123,
  "size_x": 64,
  "size_y": 64,
  "size_z": 53,
  "snr": 3.712418093378928,
  "spacing_tr": 3.200000047683716,
  "spacing_x": 3.75,
  "spacing_y": 3.75,
  "spacing_z": 3.0,
  "summary_bg_k": 56.78397448082966,
  "summary_bg_mad": 2.796452760696411,
  "summary_bg_mean": 51.631011962890625,
  "summary_bg_median": 1.886178731918335,
  "summary_bg_n": 146225.0,
  "summary_bg_p05": 0.0,
  "summary_bg_p95": 296.8715454101559,
  "summary_bg_stdv": 143.98316955566406,
  "summary_fg_k": 0.274375765843077,
  "summary_fg_mad": 690.6392822265625,
  "summary_fg_mean": 2698.671142578125,
  "summary_fg_median": 2707.8818359375,
  "summary_fg_n": 32808.0,
  "summary_fg_p05": 1446.38857421875,
  "summary_fg_p95": 3825.017309570312,
  "summary_fg_stdv": 729.4007568359375,
  "tsnr": 69.39938354492188
}