{
  "aor": 0.0010341803278688525,
  "aqi": 0.0013366614836065574,
  "bids_meta": {
    "modality": "bold",
    "run_id": "01",
    "subject_id": "0003",
    "task_id": "resting"
  },
  "dummy_trs": 2,
  "dvars_nstd": 13.212529545123964,
  "dvars_std": 1.1566234850413226,
  "dvars_vstd": 1.0030390054545455,
  "efc": 0.3665938355785214,
  "fber": 5453556.0,
  "fd_mean": 0.03791261009501115,
  "fd_num": 1,
  "fd_perc": 0.819672131147541,
  "fwhm_avg": 2.8528106666666666,
  "fwhm_x": 2.5482186666666666,
  "fwhm_y": 2.959973333333333,
  "fwhm_z": 3.05024,
  "gcor": 0.0251243,
  "gsr_x": -0.0011566350003704429,
  "gsr_y": 0.009876497089862823,
  "provenance": {
    "md5sum": "bd8a36f5ddba46860caf1bd78458ae9b",
    "settings": {
      "fd_thres": 0.2,
      "hmc_fsl": false
    },
    "software": "mriqc",
    "version": "0.9.7"
  },
  "size_t": 122,
  "size_x": 64,
  "size_y": 64,
  "size_z": 53,
  "snr": 3.8418728032232825,
  "spacing_tr": 3.200000047683716,
  "spacing_x": 3.75,
  "spacing_y": 3.75,
  "spacing_z": 3.0,
  "summary_bg_k": 67.99588829532566,
  "summary_bg_mad": 2.175293445587158,
  "summary_bg_mean": 37.979373931884766,
  "summary_bg_median": 1.4672130346298218,
  "summary_bg_n": 149989.0,
  "summary_bg_p05": 0.0,
  "summary_bg_p95": 190.55081176757824,
  "summary_bg_stdv": 108.49874114990234,
  "summary_fg_k": 0.16046674949634987,
  "summary_fg_mad": 675.7387084960938,
  "summary_fg_mean": 2715.444091796875,
  "summary_fg_median": 2782.311279296875,
  "summary_fg_n": 29975.0,
  "summary_fg_p05": 1374.3999389648438,
  "summary_fg_p95": 3757.3760498046877,
  "summary_fg_stdv": 724.1949462890625,
  "tsnr": 99.73402404785156
}