{
  "bids_meta": {
    "modality": "T1w",
    "subject_id": "0003"
  },
  "cjv": 0.30783526950785833,
  "cnr": 4.206527282946631,
  "efc": 0.6730350322847438,
  "fber": 19.53189468383789,
  "fwhm_avg": 3.5334095555555556,
  "fwhm_x": 3.4172266666666666,
  "fwhm_y": 3.681472,
  "fwhm_z": 3.50153,
  "icvs_csf": 0.24151769688326472,
  "icvs_gm": 0.4222688109758763,
  "icvs_wm": 0.336213492140859,
  "inu_med": 1.496488094329834,
  "inu_range": 0.2629909813404083,
  "provenance": {
    "md5sum": "1a06f07b688368b053e6d3684e4f7bd2",
    "settings": {
      "testing": false
    },
    "software": "mriqc",
    "version": "0.9.7",
    "warnings": {
      "large_rot_frame": true,
      "small_air_mask": false
    }
  },
  "qi_1": 0.0,
  "qi_2": 0.0004868274160519931,
  "rpve_csf": 18.255645819093782,
  "rpve_gm": 10.612943645328226,
  "rpve_wm": 16.559573117461834,
  "size_x": 256,
  "size_y": 256,
  "size_z": 162,
  "snr_csf": 2.50601002682856,
  "snr_gm": 8.226228597718137,
  "snr_total": 9.180190392072403,
  "snr_wm": 16.80833255167051,
  "snrd_csf": 6.853141928720625,
  "snrd_gm": 13.87828971124026,
  "snrd_total": 14.762975942068271,
  "snrd_wm": 23.55749618624393,
  "spacing_x": 0.9375,
  "spacing_y": 0.9375,
  "spacing_z": 1.0,
  "summary_bg_k": 0.8643880129511161,
  "summary_bg_mad": 27.809560775756836,
  "summary_bg_mean": 113.37480926513672,
  "summary_bg_median": 110.73941802978516,
  "summary_bg_n": 3484622.0,
  "summary_bg_p05": 71.00038986206056,
  "summary_bg_p95": 165.68392028808591,
  "summary_bg_stdv": 29.536212921142578,
  "summary_csf_k": 23.600176875771105,
  "summary_csf_mad": 121.83663940429688,
  "summary_csf_mean": 288.9763488769531,
  "summary_csf_median": 290.9056396484375,
  "summary_csf_n": 24002.0,
  "summary_csf_p05": 109.7804588317871,
  "summary_csf_p95": 468.72524871826175,
  "summary_csf_stdv": 116.08077239990234,
  "summary_gm_k": 0.09821162532054517,
  "summary_gm_mad": 69.60385131835938,
  "summary_gm_mean": 590.6179809570312,
  "summary_gm_median": 589.1126708984375,
  "summary_gm_n": 29367.0,
  "summary_gm_p05": 474.419955444336,
  "summary_gm_p95": 710.0435485839844,
  "summary_gm_stdv": 71.61272430419922,
  "summary_wm_k": 0.5187033401175887,
  "summary_wm_mad": 56.87576675415039,
  "summary_wm_mean": 1000.260986328125,
  "summary_wm_median": 999.9805297851562,
  "summary_wm_n": 213977.0,
  "summary_wm_p05": 903.7242065429688,
  "summary_wm_p95": 1097.73955078125,
  "summary_wm_stdv": 59.493003845214844,
  "tpm_overlap_csf": 0.18743422627449036,
  "tpm_overlap_gm": 0.47722047567367554,
  "tpm_overlap_wm": 0.5507605075836182,
  "wm2max": 0.48120830950820503
}