{
  "aor": 0.0041661788617886174,
  "aqi": 0.0038319065853658543,
  "bids_meta": {
    "modality": "bold",
    "run_id": "03",
    "subject_id": "0002",
    "task_id": "resting"
  },
  "dummy_trs": 1,
  "dvars_nstd": 20.292256112950813,
  "dvars_std": 1.1397681013934429,
  "dvars_vstd": 1.02007880352459,
  "efc": 0.39368600104402535,
  "fber": 1389289.375,
  "fd_mean": 0.13602102616746506,
  "fd_num": 18,
  "fd_perc": 14.634146341463415,
  "fwhm_avg": 2.7406984444444444,
  "fwhm_x": 2.5165786666666667,
  "fwhm_y": 2.8062933333333335,
  "fwhm_z": 2.8992233333333335,
  "gcor": 0.0338298,
  "gsr_x": -0.003192368196323514,
  "gsr_y": 0.014889483340084553,
  "provenance": {
    "md5sum": "bb04facdff2a4610897a19e880e643f8",
    "settings": {
      "fd_thres": 0.2,
      "hmc_fsl": false
    },
    "software": "mriqc",
    "version": "0.9.7"
  },
  "size_t": 123,
  "size_x": 64,
  "size_y": 64,
  "size_z": 53,
  "snr": 3.736409140615387,
  "spacing_tr": 3.200000047683716,
  "spacing_x": 3.75,
  "spacing_y": 3.75,
  "spacing_z": 3.0,
  "summary_bg_k": 61.94348340557224,
  "summary_bg_mad": 3.6040492057800293,
  "summary_bg_mean": 52.48567199707031,
  "summary_bg_median": 2.430894136428833,
  "summary_bg_n": 146210.0,
  "summary_bg_p05": 0.0,
  "summary_bg_p95": 300.6447113037104,
  "summary_bg_stdv": 147.699951171875,
  "summary_fg_k": 0.23101210916817916,
  "summary_fg_mad": 690.8926391601562,
  "summary_fg_mean": 2708.2705078125,
  "summary_fg_median": 2716.34130859375,
  "summary_fg_n": 32791.0,
  "summary_fg_p05": 1458.9105224609375,
  "summary_fg_p95": 3832.00390625,
  "summary_fg_stdv": 726.9813842773438,
  "tsnr": 60.56682205200195
}